Employee_ID,Name,Age,Gender,Designation,Experience_Years,Joining_Year,Department,Basic_Salary,Bonus,Total_Salary,Performance_Score
EMP001,Employee_001,31,Female,Marketing Analyst,2,2012,Marketing,44273.0,1764.0,46037.0,5.0
EMP002,Employee_002,34,Female,Marketing Executive,12,2012,Marketing,75636.0,2432.0,78068.0,3.0
EMP003,Employee_003,36,Female,HR Analyst,10,2022,HR,75148.0,3220.0,78368.0,3.0
EMP004,Employee_004,27,Male,Software Engineer,1,2011,IT,58946.0,1941.0,60887.0,2.0
EMP005,Employee_005,37,Female,Recruiter,15,2020,HR,79886.0,6159.0,86045.0,3.0
EMP006,Employee_006,35,Female,Sales Analyst,7,2013,Sales,50677.0,2252.0,52929.0,4.0
EMP007,Employee_007,26,Male,Financial Analyst,1,2015,Finance,48048.0,3432.0,51480.0,3.0
EMP008,Employee_008,40,Male,Web Developer,14,2017,IT,102700.0,6340.0,109040.0,4.0
EMP009,Employee_009,41,Female,Digital Marketer,14,2017,Marketing,81525.0,1675.0,83200.0,2.0
EMP010,Employee_010,39,Female,Data Analyst,10,2013,IT,86434.0,4305.0,90739.0,2.0
EMP011,Employee_011,33,Male,Sales Executive,7,2023,Sales,57297.0,6348.0,63645.0,4.0
EMP012,Employee_012,28,Female,Data Analyst,7,2014,IT,68969.0,1743.0,70712.0,4.0
EMP013,Employee_013,39,Female,Marketing Executive,14,2016,Marketing,88501.0,3401.0,91902.0,4.0
EMP014,Employee_014,40,Male,Sales Analyst,14,2022,Sales,70834.0,5763.0,76597.0,4.0
EMP015,Employee_015,27,Female,Marketing Executive,2,2011,Marketing,44983.0,2255.0,47238.0,3.0
EMP016,Employee_016,23,Male,Web Developer,1,2017,IT,53993.0,1741.0,55734.0,2.0
EMP017,Employee_017,41,Male,Data Analyst,14,2020,IT,85317.0,3321.0,88638.0,3.0
EMP018,Employee_018,31,Female,Sales Executive,5,2012,Sales,50015.0,1514.0,51529.0,3.0
EMP019,Employee_019,24,Male,Web Developer,3,2016,IT,63663.0,2118.0,65781.0,4.0
EMP020,Employee_020,30,Male,Web Developer,2,2023,IT,55784.0,4790.0,60574.0,4.0
EMP021,Employee_021,38,Male,Marketing Analyst,11,2024,Marketing,84311.0,3871.0,88182.0,3.0
EMP022,Employee_022,33,Male,Marketing Executive,6,2018,Marketing,57179.0,1387.0,58566.0,1.0
EMP023,Employee_023,29,Male,Software Engineer,6,2014,IT,79215.0,1787.0,81002.0,1.0
EMP024,Employee_024,37,Female,Business Development Executive,9,2021,Sales,54272.0,1790.0,56062.0,3.0
EMP025,Employee_025,27,Female,Marketing Analyst,2,2018,Marketing,50566.0,2531.0,53097.0,3.0
EMP026,Employee_026,28,Male,HR Analyst,6,2021,HR,58675.0,5124.0,63799.0,4.0
EMP027,Employee_027,23,Female,Marketing Analyst,2,2022,Marketing,44045.0,1087.0,45132.0,3.0
EMP028,Employee_028,36,Male,Marketing Analyst,11,2011,Marketing,74388.0,5734.0,80122.0,4.0
EMP029,Employee_029,29,Female,HR Executive,4,2011,HR,51253.0,2521.0,53774.0,2.0
EMP030,Employee_030,26,Female,Software Engineer,5,2022,IT,71497.0,1630.0,73127.0,1.0
EMP031,Employee_031,28,Male,Sales Executive,5,2012,Sales,58354.0,2160.0,60514.0,2.0
EMP032,Employee_032,41,Male,Data Analyst,12,2020,IT,92634.0,3997.0,96631.0,5.0
EMP033,Employee_033,30,Female,Recruiter,4,2012,HR,54258.0,4231.0,58489.0,3.0
EMP034,Employee_034,37,Male,Sales Analyst,8,2021,Sales,63905.0,1151.0,65056.0,3.0
EMP035,Employee_035,26,Male,Digital Marketer,5,2023,Marketing,60967.0,2834.0,63801.0,3.0
EMP036,Employee_036,36,Female,Web Developer,9,2016,IT,81889.0,5552.0,87441.0,4.0
EMP037,Employee_037,38,Male,Marketing Analyst,11,2022,Marketing,79302.0,3683.0,82985.0,4.0
EMP038,Employee_038,41,Male,Accountant,15,2021,Finance,84920.0,4196.0,89116.0,4.0
EMP039,Employee_039,33,Male,HR Analyst,10,2020,HR,72447.0,4804.0,77251.0,4.0
EMP040,Employee_040,26,Male,HR Analyst,4,2019,HR,48697.0,4220.0,52917.0,5.0
EMP041,Employee_041,36,Male,Accountant,9,2020,Finance,70458.0,7070.0,77528.0,4.0
EMP042,Employee_042,27,Female,Marketing Analyst,6,2020,Marketing,67639.0,2569.0,70208.0,4.0
EMP043,Employee_043,32,Male,Digital Marketer,5,2016,Marketing,52849.0,1174.0,54023.0,1.0
EMP044,Employee_044,28,Female,HR Executive,1,2024,HR,36521.0,1576.0,38097.0,2.0
EMP045,Employee_045,35,Female,Accountant,9,2012,Finance,63916.0,5327.0,69243.0,4.0
EMP046,Employee_046,42,Male,Business Development Executive,15,2011,Sales,75609.0,2645.0,78254.0,5.0
EMP047,Employee_047,28,Female,Sales Executive,1,2016,Sales,41702.0,2677.0,44379.0,4.0
EMP048,Employee_048,38,Female,Accountant,12,2016,Finance,89540.0,8085.0,97625.0,4.0
EMP049,Employee_049,36,Male,Accountant,10,2023,Finance,63927.0,2337.0,66264.0,3.0
EMP050,Employee_050,33,Male,HR Executive,4,2021,HR,47995.0,3070.0,51065.0,4.0
EMP051,Employee_051,31,Male,Digital Marketer,8,2016,Marketing,62553.0,1489.0,64042.0,1.0
EMP052,Employee_052,39,Female,Software Engineer,11,2016,IT,76925.0,10271.0,87196.0,5.0
EMP053,Employee_053,38,Female,Recruiter,9,2013,HR,62976.0,2277.0,65253.0,4.0
EMP054,Employee_054,44,Male,Web Developer,15,2020,IT,86093.0,4967.0,91060.0,4.0
EMP055,Employee_055,32,Female,Financial Analyst,7,2020,Finance,64029.0,8869.0,72898.0,5.0
EMP056,Employee_056,31,Male,Recruiter,10,2019,HR,57225.0,3997.0,61222.0,4.0
EMP057,Employee_057,37,Male,Business Development Executive,12,2015,Sales,73961.0,2160.0,76121.0,4.0
EMP058,Employee_058,40,Male,Digital Marketer,15,2024,Marketing,74734.0,2301.0,77035.0,3.0
EMP059,Employee_059,34,Male,Financial Analyst,12,2016,Finance,81806.0,5532.0,87338.0,3.0
EMP060,Employee_060,36,Male,Sales Executive,7,2018,Sales,63767.0,2141.0,65908.0,5.0
EMP061,Employee_061,35,Male,Financial Analyst,8,2012,Finance,77386.0,1203.0,78589.0,2.0
EMP062,Employee_062,30,Female,Financial Analyst,8,2019,Finance,62908.0,6591.0,69499.0,4.0
EMP063,Employee_063,29,Female,Marketing Executive,8,2023,Marketing,55282.0,2206.0,57488.0,4.0
EMP064,Employee_064,27,Female,System Engineer,3,2023,IT,58076.0,2224.0,60300.0,3.0
EMP065,Employee_065,35,Female,Recruiter,7,2022,HR,51864.0,2275.0,54139.0,5.0
EMP066,Employee_066,40,Male,System Engineer,12,2022,IT,94572.0,1034.0,95606.0,1.0
EMP067,Employee_067,36,Male,Digital Marketer,8,2018,Marketing,72000.0,4866.0,76866.0,4.0
EMP068,Employee_068,26,Male,Digital Marketer,3,2012,Marketing,55480.0,4504.0,59984.0,4.0
EMP069,Employee_069,30,Female,HR Executive,9,2020,HR,63274.0,3524.0,66798.0,3.0
EMP070,Employee_070,28,Female,Marketing Analyst,7,2022,Marketing,67405.0,7192.0,74597.0,5.0
EMP071,Employee_071,25,Female,Sales Analyst,3,2014,Sales,46830.0,3323.0,50153.0,4.0
EMP072,Employee_072,25,Female,Marketing Analyst,2,2014,Marketing,50299.0,2272.0,52571.0,3.0
EMP073,Employee_073,32,Female,System Engineer,10,2014,IT,82656.0,5300.0,87956.0,3.0
EMP074,Employee_074,29,Male,Sales Analyst,2,2012,Sales,39410.0,3798.0,43208.0,4.0
EMP075,Employee_075,27,Female,Financial Analyst,2,2012,Finance,57339.0,5056.0,62395.0,4.0
EMP076,Employee_076,34,Female,Financial Analyst,11,2020,Finance,76746.0,5144.0,81890.0,4.0
EMP077,Employee_077,36,Female,Recruiter,15,2024,HR,83125.0,3145.0,86270.0,4.0
EMP078,Employee_078,29,Female,System Engineer,4,2012,IT,70243.0,2947.0,73190.0,2.0
EMP079,Employee_079,29,Female,Financial Analyst,1,2022,Finance,49613.0,487.0,50100.0,1.0
EMP080,Employee_080,32,Male,HR Analyst,8,2013,HR,69796.0,4259.0,74055.0,3.0
EMP081,Employee_081,36,Male,Recruiter,8,2012,HR,69133.0,4719.0,73852.0,3.0
